<Configuration>
  <Add OfficeClientEdition="64" Channel="SemiAnnual" Version="16.0.XXXXX.XXXXX">
    <Product ID="O365ProPlusEEANoTeamsRetail">
      <Language ID="en-us" />
      <Language ID="pt-pt" />
      <ExcludeApp ID="Groove" />
      <ExcludeApp ID="Publisher" />
      <ExcludeApp ID="Bing" />
      <ExcludeApp ID="Lync" />
    </Product>
  </Add>
  <Updates Enabled="TRUE" />
  <Display Level="None" AcceptEULA="TRUE" />
  <Logging Level="Standard" Path="c:\Windows\Temp\Logs\MsOffice" /> 
  <Property Name="FORCEAPPSHUTDOWN" Value="TRUE" />
</Configuration>