<gs:GlobalizationServices xmlns:gs="urn:longhornGlobalizationUnattend"> 
<!--User List-->
<gs:UserList>
    <gs:User UserID="Current" CopySettingsToDefaultUserAcct="true" CopySettingsToSystemAcct="true"/> 
</gs:UserList>
<!-- user locale -->
<gs:UserLocale> 
    <gs:Locale Name="pt-PT" SetAsCurrent="true"/> 
</gs:UserLocale>
<!-- system locale -->
<gs:SystemLocale Name="pt-PT"/>
<!-- GeoID -->
<gs:LocationPreferences> 
    <gs:GeoID Value="193"/> 
</gs:LocationPreferences>
<gs:MUILanguagePreferences>
    <gs:MUILanguage Value="pt-PT"/>
</gs:MUILanguagePreferences>
<!-- input preferences -->
<gs:InputPreferences>
    <!--pt-PT-->
    <gs:InputLanguageID Action="add" ID="0816:00000816" Default="true"/> 
    <!--en-US--> 
    <gs:InputLanguageID Action="remove" ID="0409:00000409"/> 
</gs:InputPreferences>
</gs:GlobalizationServices>